ID,Name,SteamLink,ModIoLink,Version,Comment
1062090,Timberborn,https://store.steampowered.com/app/1062090/Timberborn,N/A,0.7.11.0-4e4c4a9-sw,
Agroqirax.Timberbits,Timberbits,https://steamcommunity.com/sharedfiles/filedetails/?id=3319416025,https://mod.io/g/timberborn/m/timberbits,0.2.1,
alin.bench,Bench,https://steamcommunity.com/sharedfiles/filedetails/?id=3278482507,https://mod.io/g/timberborn/m/bench,v1.3.0,
AquaCadre,AquaCadre,https://steamcommunity.com/sharedfiles/filedetails/?id=3316292521,https://mod.io/g/timberborn/m/aquacadre,v0.6.5.02,
battery.DirtyMouths,Dirty Mouths,https://steamcommunity.com/sharedfiles/filedetails/?id=3285106530,https://mod.io/g/timberborn/m/dirty-mouths,v2.0.5,
Battery.Flywheels,Flywheels,https://steamcommunity.com/sharedfiles/filedetails/?id=3322428023,https://mod.io/g/timberborn/m/flywheels,v2.0.3.2,
Battery.PowerShaftExtensions,Power Shaft Extensions,https://steamcommunity.com/sharedfiles/filedetails/?id=3365256099,https://mod.io/g/timberborn/m/power-shaft-extensions,v2.0.2.15,
beaverbuddies,Beaver Buddies: Multiplayer Co-op,https://steamcommunity.com/sharedfiles/filedetails/?id=3293380223,https://mod.io/g/timberborn/m/beaverbuddies,v1.2.6,
Bentos,Bentos,https://steamcommunity.com/sharedfiles/filedetails/?id=3295782631,https://mod.io/g/timberborn/m/bentos,v0.6.5.01,
BobPlatforms,Bob Platforms Extended,https://steamcommunity.com/sharedfiles/filedetails/?id=3410576524,https://mod.io/g/timberborn/m/bob-platforms-extended,v0.6.0.0,
BobStorage,Bob's Storages Mod,https://steamcommunity.com/sharedfiles/filedetails/?id=3377606148,https://mod.io/g/timberborn/m/bobs-storages-mod,v0.6.0.3,
BotKits,BotKits,https://steamcommunity.com/sharedfiles/filedetails/?id=3362952283,https://mod.io/g/timberborn/m/botkits,v0.6.5.00,
Cordial.BoosterJuice,Booster Juice: Tree Growth Fertilizer,https://steamcommunity.com/sharedfiles/filedetails/?id=3321838014,https://mod.io/g/timberborn/m/booster-juice,v0.0.2.0,
Cordial.ForrestTool,Forest Tool,https://steamcommunity.com/sharedfiles/filedetails/?id=3336999108,https://mod.io/g/timberborn/m/forest-tool,v0.0.1.3,
Cordial.Mods.CutterTool,Cutter Tool,https://steamcommunity.com/sharedfiles/filedetails/?id=3334584916,https://mod.io/g/timberborn/m/cutter-tool,v0.0.1.3,
Cordial.Mods.DeleteThatThing,Delete That Thing,https://steamcommunity.com/sharedfiles/filedetails/?id=3377422105,https://mod.io/g/timberborn/m/delete-that-thing,v0.1.0,
Cordial.Mods.PlantingOverride,Planting Override,https://steamcommunity.com/sharedfiles/filedetails/?id=3343029129,https://mod.io/g/timberborn/m/planting-override,v0.0.2.0,
Emberpelts,Emberpelts,https://steamcommunity.com/sharedfiles/filedetails/?id=3346318229,https://mod.io/g/timberborn/m/emberpelts,v0.6.0.26,
Emberpelts.ProjectPhoenix,Emberpelts: Project Phoenix,https://steamcommunity.com/sharedfiles/filedetails/?id=3372885855,https://mod.io/g/timberborn/m/emberpelts-project-phoenix,v0.6.0.0,
eMka.GoodStatistics,Goods Statistics,https://steamcommunity.com/sharedfiles/filedetails/?id=3321521358,https://mod.io/g/timberborn/m/goods-statistics,v0.6.5.1,
eMka.Minimap,Minimap,https://steamcommunity.com/sharedfiles/filedetails/?id=3374011054,https://mod.io/g/timberborn/m/minimap,v0.6.9.5,
eMka.ModSettings,Mod Settings,https://steamcommunity.com/sharedfiles/filedetails/?id=3283831040,https://mod.io/g/timberborn/m/mod-settings,v0.6.9.5,
FindIdelBeavers,Find Idel Beavers,https://steamcommunity.com/sharedfiles/filedetails/?id=3354490402,,v0.1,Removed
geothermalpowerplant,GeothermalPowerPlant,,https://mod.io/g/timberborn/m/geothermalpowerplant,V1.3.0,
GreedyBuilders,GreedyBuilders,https://steamcommunity.com/sharedfiles/filedetails/?id=3283819933,https://mod.io/g/timberborn/m/greedybuilders,v0.6.5.04,
hytone.rotatingsun,Rotating Sun,https://steamcommunity.com/sharedfiles/filedetails/?id=3343320334,https://mod.io/g/timberborn/m/rotating-sun,v6.0.2,
Hytone.SimpleFloodgateTriggers,SimpleFloodgateTriggers,https://steamcommunity.com/sharedfiles/filedetails/?id=3341210959,,v5.0.2,Outdated
KnatteAnka.damdecoration,Dam Decorations,https://steamcommunity.com/sharedfiles/filedetails/?id=3296543474,https://mod.io/g/timberborn/m/dam-decoration,v3.0.8,
KnatteAnka.ExtendedFloodgates,Extended Floodgates,https://steamcommunity.com/workshop/filedetails/?id=3358718112,https://mod.io/g/timberborn/m/extended-floodgates,v1.0.3,
KnatteAnka.frogstatue,Frog Statue,https://steamcommunity.com/sharedfiles/filedetails/?id=3279640818,https://mod.io/g/timberborn/m/frogstatue,v2.0.5,
KnatteAnka.MoreGroups,More Groups,https://steamcommunity.com/sharedfiles/filedetails/?id=3293437485,https://mod.io/g/timberborn/m/more-groups,v2.1.0,
KnatteAnka.Path_extention,Path Extension,https://steamcommunity.com/sharedfiles/filedetails/?id=3282276626,https://mod.io/g/timberborn/m/path-extention,v2.0.11,
KnatteAnka.Staircase,Staircase,https://steamcommunity.com/sharedfiles/filedetails/?id=3277416566,https://mod.io/g/timberborn/m/staircase,v2.1.9,
KnatteAnka.waterextention,Water Extension,https://steamcommunity.com/sharedfiles/filedetails/?id=3285720709,https://mod.io/g/timberborn/m/water-extention,v2.2.2,
kulesz.FPPCamera,FPP Camera,https://steamcommunity.com/sharedfiles/filedetails/?id=3361074929,https://mod.io/g/timberborn/m/fpp-camera,v0.6.3.0,
Lapantouflemagic.1x1x2Storage,2-tall small storage +,https://steamcommunity.com/sharedfiles/filedetails/?id=3281653061,https://mod.io/g/timberborn/m/2-tall-small-storage,v2.3.5,
Lapantouflemagic.Logstairs,Logstairs,https://steamcommunity.com/sharedfiles/filedetails/?id=3281774771,https://mod.io/g/timberborn/m/logstairs,v2.1.4,
Lapantouflemagic.MPMapEditor,Map Editor Mod,https://steamcommunity.com/sharedfiles/filedetails/?id=3284067782,https://mod.io/g/timberborn/m/all-plants-placeable-mapeditor,v2.0.8,
SteamUpdateButtons,Steam Update Buttons,https://steamcommunity.com/sharedfiles/filedetails/?id=3370709944,https://mod.io/g/timberborn/m/steam-update-buttons,v0.1.1,
Lapantouflemagic.WhitepawsFaction,Whitepaws,https://steamcommunity.com/sharedfiles/filedetails/?id=3343989895,,v4.1.2,
ModManager,Mod Manager,https://steamcommunity.com/sharedfiles/filedetails/?id=3286370025,https://mod.io/g/timberborn/m/mod-manager,v3.0.3,
MoreBombs,More Bombs,https://steamcommunity.com/sharedfiles/filedetails/?id=3313990688,https://mod.io/g/timberborn/m/more-bombs,v0.6.5.01,
Nerro.HalfRoofs,Half Roofs,https://steamcommunity.com/sharedfiles/filedetails/?id=3345158183,https://mod.io/g/timberborn/m/half-roofs,v0.1,
Nerro.UTurnStairs,U-Turn Staircase,https://steamcommunity.com/sharedfiles/filedetails/?id=3344104932,,v0.1,
scja.stingantidote,Bee Sting antidote,https://steamcommunity.com/sharedfiles/filedetails/?id=3294983713,https://mod.io/g/timberborn/m/bee-sting-antidote,v1.0.3,
Timberborn.Editor.ExtendedTerrainTools,Extra Terrain Tools,https://steamcommunity.com/sharedfiles/filedetails/?id=3297796618,,v0.9.1,
Timberborn.IgorZ.Automation,Automation,https://steamcommunity.com/sharedfiles/filedetails/?id=3324234282,https://mod.io/g/timberborn/m/automation,v1.2.3,
Timberborn.IgorZ.SMartPower,SmartPower,https://steamcommunity.com/sharedfiles/filedetails/?id=3305038022,https://mod.io/g/timberborn/m/smart-power,v1.11.2,
Timberborn.IgorZ.TimberCommons,Timber Commons,https://steamcommunity.com/sharedfiles/filedetails/?id=3337906807,https://mod.io/g/timberborn/m/timber-commons,v1.10.2,
Timberborn.OldGopher.Pipe,Pipes,https://steamcommunity.com/sharedfiles/filedetails/?id=3345266573,https://mod.io/g/timberborn/m/pipes,v1.5.0.0,
Timberborn.OldGopher.WaterShield,Water Shield,https://steamcommunity.com/sharedfiles/filedetails/?id=3385487827,https://mod.io/g/timberborn/m/water-shield,v0.5.0.0,
Tobbert.ChooChoo,Choo! Choo!,https://steamcommunity.com/sharedfiles/filedetails/?id=3346279334,https://mod.io/g/timberborn/m/choo-choo,v0.10.1,
Tobbert.DutchWindmill,Dutch Windmill,https://steamcommunity.com/sharedfiles/filedetails/?id=3341274783,https://mod.io/g/timberborn/m/dutch-windmill,v2.0.1,
Tobbert.FerrisWheel,Ferris Wheel,https://steamcommunity.com/sharedfiles/filedetails/?id=3331500753,https://mod.io/g/timberborn/m/ferris-wheel,v2.0.1,
Tobbert.Ladder,Ladder,https://steamcommunity.com/sharedfiles/filedetails/?id=3286476486,https://mod.io/g/timberborn/m/ladder,v2.1.2,
Tobbert.MorePlatforms,More Platforms,https://steamcommunity.com/sharedfiles/filedetails/?id=3341374073,https://mod.io/g/timberborn/m/moreplatforms,v2.0.2,
tobbert.pipettetool,Pipette Tool,https://steamcommunity.com/sharedfiles/filedetails/?id=3287407048,https://mod.io/g/timberborn/m/pipette-tool,v2.0.3,
Tobbert.VerticalPowerShaft,Vertical Power Shafts,https://steamcommunity.com/sharedfiles/filedetails/?id=3287769244,https://mod.io/g/timberborn/m/vertical-power-shafts,v2.0.3,Deprecated
ToolFinder,Tool Finder,https://steamcommunity.com/sharedfiles/filedetails/?id=3358669972,https://mod.io/g/timberborn/m/tool-finder,v0.0.3,
ToriiLanterns,Torii gates and lanterns,https://steamcommunity.com/sharedfiles/filedetails/?id=3370688565,https://mod.io/g/timberborn/m/torii-gate-and-lanterns,v2.0.2,
